{
  "experiment": "Simple CNN",
  "description": "Simple CNN + Multi-Query",
  "mean_f1": 0.7456397708954731,
  "std_f1": 0.01108313143868359,
  "mean_auc": 0.9326664326370577,
  "std_auc": 0.005997222732135162,
  "individual_folds": {
    "f1_scores": [
      0.7380874397741318,
      0.7544751264790721,
      0.7458588896287002,
      0.7530654539353175,
      0.7462260690213668,
      0.7486927820485352,
      0.7609918613240831,
      0.7549274387336928,
      0.7243642947971061,
      0.729708353212724
    ],
    "auc_scores": [
      0.927079225075462,
      0.9370490885603718,
      0.9315801454386266,
      0.9352538249611625,
      0.9357176164753298,
      0.9346935830254157,
      0.9390262558982883,
      0.9403269674502802,
      0.9223648071992601,
      0.9235728122863807
    ]
  }
}