{
  "experiment": "w/o CNN Backbone",
  "description": "Only Attention + Multi-Query",
  "mean_f1": 0.6149545734241718,
  "std_f1": 0.02051005235749137,
  "mean_auc": 0.8762080516631819,
  "std_auc": 0.012091082591982194,
  "individual_folds": {
    "f1_scores": [
      0.6208316054835892,
      0.6193260866638812,
      0.6442580180341262,
      0.6410302520260733,
      0.6109677358794254,
      0.6300922732185315,
      0.5882310392950413,
      0.619171763338659,
      0.5968911878683643,
      0.5787457724340271
    ],
    "auc_scores": [
      0.8830945899098639,
      0.8796313558115061,
      0.8866652251895196,
      0.8873361605880176,
      0.8638311898205551,
      0.8842441165325923,
      0.8814918988188808,
      0.8803690896783414,
      0.8682474884334104,
      0.8471694018491318
    ]
  }
}