{
  "experiment": "w/o Attention",
  "description": "Backbone Only (\u65e0\u6ce8\u610f\u529b\u673a\u5236)",
  "mean_f1": 0.738923078783216,
  "std_f1": 0.01245557353153482,
  "mean_auc": 0.9353595185073174,
  "std_auc": 0.006312591447984711,
  "individual_folds": {
    "f1_scores": [
      0.7373306913318887,
      0.7222859417758735,
      0.740416167129616,
      0.7453827417520618,
      0.747371992451589,
      0.7433604547035026,
      0.7588014934662318,
      0.7500953233317617,
      0.7170641761329142,
      0.7271218057567216
    ],
    "auc_scores": [
      0.93200415389427,
      0.9309134698066334,
      0.9363924189643515,
      0.9353638346191117,
      0.9358109576879329,
      0.9418734545227474,
      0.9470452972947875,
      0.9409299360099144,
      0.9252536452422081,
      0.9280080170312172
    ]
  },
  "completed_folds": 10,
  "total_folds": 10
}