{
  "experiment": "w/o Multi-Head",
  "description": "Backbone + Single-Head Attention",
  "mean_f1": 0.7446355384850749,
  "std_f1": 0.013843884116341435,
  "mean_auc": 0.9338959327410498,
  "std_auc": 0.007348651891280405,
  "individual_folds": {
    "f1_scores": [
      0.7518539012470493,
      0.7557208972414304,
      0.7480351867470747,
      0.7359907462552353,
      0.7570720053228489,
      0.7560663226791952,
      0.7516338797038609,
      0.7511924087824406,
      0.7207708320529653,
      0.718019204818649
    ],
    "auc_scores": [
      0.9383898022955444,
      0.943379619742978,
      0.9309751772338837,
      0.9316530221014142,
      0.938675679601625,
      0.9358284249048576,
      0.9366335675711875,
      0.9401385189846675,
      0.9262798126684062,
      0.9170057023059334
    ]
  },
  "completed_folds": 10,
  "total_folds": 10
}