{
  "experiment": "w/o Regularization",
  "description": "Backbone + Multi-Query + w/o Regularization",
  "mean_f1": 0.7324077978957926,
  "std_f1": 0.017605147118399788,
  "mean_auc": 0.9250823866671807,
  "std_auc": 0.007290453137436937,
  "individual_folds": {
    "f1_scores": [
      0.7299253322476712,
      0.7349507698823216,
      0.7431796701109091,
      0.736154005168959,
      0.747309308626846,
      0.7298407940987325,
      0.7559502480631088,
      0.7425948778031503,
      0.6913328017891978,
      0.7128401711670285
    ],
    "auc_scores": [
      0.9235318646879636,
      0.9295769216550822,
      0.925288010638346,
      0.9245821866141691,
      0.929295111165011,
      0.9237935449573982,
      0.9328217163281647,
      0.9355312494380723,
      0.9088530228964192,
      0.9175502382911811
    ]
  }
}