{
  "experiment": "w/o Learned Query",
  "description": "Backbone + Fixed Single-Query",
  "mean_f1": 0.747649356809407,
  "std_f1": 0.017160138794672892,
  "mean_auc": 0.9367445754920087,
  "std_auc": 0.00890128170078087,
  "individual_folds": {
    "f1_scores": [
      0.7439935650711809,
      0.7495872821704591,
      0.7551000898247489,
      0.766219323828589,
      0.7541217600273235,
      0.750266622376608,
      0.7630637268285042,
      0.7606398584385728,
      0.7257692735541055,
      0.7077320659739784
    ],
    "auc_scores": [
      0.9368809374917906,
      0.9405462866873006,
      0.9395102998937667,
      0.9408336733341098,
      0.9361314249813046,
      0.9395241614849728,
      0.9453136713500271,
      0.9448965102438199,
      0.9309884240571836,
      0.9128203653958107
    ]
  }
}